date,sales
2013-01-01,71079776.15950926
2013-01-02,129942841.69891432
2013-01-03,16387935.849870674
2013-01-04,40349066.1804862
2013-01-05,115681173.29589957
2013-01-06,139625641.4476317
2013-01-07,56589350.812205575
2013-01-08,56697947.27838475
2013-01-09,114362364.15887971
2013-01-10,465502.5265180348
2013-01-11,24227370.145292763
2013-01-12,99444127.67774883
2013-01-13,123401758.05077766
2013-01-14,40452823.18319979
2013-01-15,40737656.66978344
2013-01-16,98573212.99114093
2013-01-17,-15188279.041697357
2013-01-18,8626248.69930749
2013-01-19,83855006.2567035
2013-01-20,107645371.58763617
2013-01-21,24491108.37819613
2013-01-22,24330736.149059687
2013-01-23,81585029.21749486
2013-01-24,-32883636.632153295
2013-01-25,-9926806.264119681
2013-01-26,64280589.31763404
2013-01-27,86921452.19984934
2013-01-28,2535542.879014423
2013-01-29,1089631.7352651048
2013-01-30,57062793.11253367
2013-01-31,-58667241.92505117
2013-02-01,-36885371.818415165
2013-02-02,36219630.3082997
2013-02-03,57889519.98997036
2013-02-04,-27242507.83149773
2013-02-05,-29171089.96457973
2013-02-06,26607754.76481956
2013-02-07,-88989235.12812252
2013-02-08,-66718866.057030626
2013-02-09,7236900.87240451
2013-02-10,30139760.875130143
2013-02-11,-53102577.14154314
2013-02-12,-52788741.7944062
2013-02-13,5578919.563199028
2013-02-14,-107009781.19906344
2013-02-15,-81436415.56285353
2013-02-16,-3700883.7420389825
2013-02-17,23182783.86635099
2013-02-18,-55893559.50971143
2013-02-19,-51326397.61947284
2013-02-20,11511032.066952148
2013-02-21,-96643299.61773631
2013-02-22,-66627315.264936775
2013-02-23,15388324.395453267
2013-02-24,46550399.012563646
2013-02-25,-28780807.226128623
2013-02-26,-20645676.466354344
2013-02-27,45332848.863676906
2013-02-28,-60103489.12688717
2013-03-01,-27806519.244724445
2013-03-02,55959614.99380661
2013-03-03,88151265.03493887
2013-03-04,13189840.144401278
2013-03-05,21204209.173687465
2013-03-06,86411707.8640784
2013-03-07,-20416676.33285778
2013-03-08,9898422.295188898
2013-03-09,91149250.29144026
2013-03-10,120444524.62408385
2013-03-11,42223659.25662607
2013-03-12,46459329.75287886
2013-03-13,107685498.28167208
2013-03-14,-3419986.1854358497
2013-03-15,22483846.35892607
2013-03-16,66153633.81735927
2013-03-17,70210210.90238841
2013-03-18,44882878.605419956
2013-03-19,39929327.27324613
2013-03-20,38639898.25523833
2013-03-21,33231659.098578494
2013-03-22,37377631.911548726
2013-03-23,63485434.64349371
2013-03-24,67884783.07870796
2013-03-25,43216641.597260036
2013-03-26,38672058.53781515
2013-03-27,37887015.82146021
2013-03-28,33418402.505550012
2013-03-29,38100301.93181292
2013-03-30,65291601.1444573
2013-03-31,69682168.78146324
2013-04-01,45498037.05674318
2013-04-02,41505705.30912668
2013-04-03,41338755.15891333
2013-04-04,37046589.10547628
2013-04-05,42343590.25743528
2013-04-06,69568827.91251758
2013-04-07,74686409.05620283
2013-04-08,50666985.52669534
2013-04-09,46733258.28811122
2013-04-10,46572924.84996155
2013-04-11,42268423.19648149
2013-04-12,47378496.269704975
2013-04-13,74300699.51000798
2013-04-14,79008102.76315351
2013-04-15,54602095.35676816
2013-04-16,50175012.408302985
2013-04-17,49424510.42556031
2013-04-18,44333504.37132974
2013-04-19,48976969.81870629
2013-04-20,75068616.14118563
2013-04-21,79016356.14705227
2013-04-22,54112571.83987026
2013-04-23,49019058.15347918
2013-04-24,47840352.11886915
2013-04-25,42199948.3600067
2013-04-26,46094405.41169313
2013-04-27,71927084.21103168
2013-04-28,75832438.26221167
2013-04-29,50586091.20701117
2013-04-30,45901960.22469143
2013-05-01,45217756.90656387
2013-05-02,38166203.667345
2013-05-03,42183337.262194
2013-05-04,67990760.84637164
2013-05-05,72135466.39218093
2013-05-06,47047540.63336158
2013-05-07,42062839.623694144
2013-05-08,40989356.23188886
2013-05-09,35874723.17373311
2013-05-10,40677684.10577916
2013-05-11,68626761.71613331
2013-05-12,72374764.75446542
2013-05-13,45945359.21980319
2013-05-14,41567654.57601912
2013-05-15,40523547.736565724
2013-05-16,35637062.78048118
2013-05-17,40225849.734588414
2013-05-18,66574388.38799461
2013-05-19,71266134.59265469
2013-05-20,46481989.75847777
2013-05-21,41850538.000181526
2013-05-22,41091177.120219424
2013-05-23,36503282.79283812
2013-05-24,41854859.79014677
2013-05-25,66745014.59419707
2013-05-26,70727210.65180297
2013-05-27,46066662.93951672
2013-05-28,41478721.64579551
2013-05-29,40235749.95364261
2013-05-30,35069089.295094766
2013-05-31,39427170.237691954
2013-06-01,65662225.272232294
2013-06-02,69915917.07790202
2013-06-03,44971533.74763693
2013-06-04,40172008.693742305
2013-06-05,39023414.21918726
2013-06-06,33974733.39007286
2013-06-07,38830991.57345629
2013-06-08,64531319.58364683
2013-06-09,69001929.05734918
2013-06-10,44211393.363439076
2013-06-11,39528891.96339758
2013-06-12,38781947.91923292
2013-06-13,34103637.21108119
2013-06-14,39253219.95808536
2013-06-15,66826710.823403895
2013-06-16,71484894.7362878
2013-06-17,45288995.566797964
2013-06-18,40926852.98494209
2013-06-19,40312375.7697122
2013-06-20,35656784.66754472
2013-06-21,40471839.723097496
2013-06-22,67104460.379071966
2013-06-23,71629569.4129783
2013-06-24,47256875.67918001
2013-06-25,42854255.01961374
2013-06-26,42238418.65265834
2013-06-27,37393048.55912031
2013-06-28,42186791.871984
2013-06-29,68775191.67477897
2013-06-30,73042804.51647124
2013-07-01,48403438.62600332
2013-07-02,43894279.38855338
2013-07-03,43032304.64034948
2013-07-04,37927625.88221052
2013-07-05,42310564.393530704
2013-07-06,68689558.98253027
2013-07-07,73116714.28848131
2013-07-08,48029754.785822034
2013-07-09,43386855.451128095
2013-07-10,42217681.91822355
2013-07-11,37051077.60515894
2013-07-12,41796280.11607034
2013-07-13,67882776.26486035
2013-07-14,72127571.35525131
2013-07-15,47354975.64122266
2013-07-16,42619137.201822884
2013-07-17,41721154.008181594
2013-07-18,36654866.096671075
2013-07-19,41515469.55313841
2013-07-20,67594634.20904507
2013-07-21,72187288.43951607
2013-07-22,47306188.38939954
2013-07-23,42819520.97030225
2013-07-24,42214603.86170283
2013-07-25,37276315.19358178
2013-07-26,42028848.08443624
2013-07-27,68434873.29271391
2013-07-28,72610738.56154752
2013-07-29,47880479.573231414
2013-07-30,43476087.22372169
2013-07-31,42775954.33583544
2013-08-01,37937495.26143938
2013-08-02,42633827.002622746
2013-08-03,68991779.79374214
2013-08-04,73233434.66852663
2013-08-05,48592220.60069955
2013-08-06,43968330.7087976
2013-08-07,43131211.59797351
2013-08-08,38236327.45917109
2013-08-09,42746302.72334549
2013-08-10,69087345.31060344
2013-08-11,73590679.24117391
2013-08-12,48801304.50746762
2013-08-13,44299261.09734537
2013-08-14,43507806.8439118
2013-08-15,38704473.45462147
2013-08-16,43476315.5590098
2013-08-17,69864161.2575272
2013-08-18,74297321.30223109
2013-08-19,49733755.81096594
2013-08-20,45469868.08489806
2013-08-21,44708710.98390597
2013-08-22,39825425.59161994
2013-08-23,44921905.67484702
2013-08-24,71367330.33777694
2013-08-25,75907513.99219862
2013-08-26,51160878.686717845
2013-08-27,46831601.09203042
2013-08-28,46146310.02348259
2013-08-29,41387474.78057219
2013-08-30,46266408.27076715
2013-08-31,72502106.02502014
2013-09-01,76821759.82368544
2013-09-02,52189987.42609766
2013-09-03,47754406.217175275
2013-09-04,46615445.856364325
2013-09-05,41556131.928154744
2013-09-06,45963564.008053444
2013-09-07,72249223.30040248
2013-09-08,76466365.65652378
2013-09-09,51269987.204727896
2013-09-10,46307841.860058345
2013-09-11,45120633.760854624
2013-09-12,39897034.148441955
2013-09-13,44088327.09417145
2013-09-14,70273005.2652869
2013-09-15,74158390.5096907
2013-09-16,49132705.10848028
2013-09-17,44178929.96969428
2013-09-18,43151017.37434246
2013-09-19,37889000.58230295
2013-09-20,42449430.5352982
2013-09-21,68465208.31439865
2013-09-22,72841530.9731986
2013-09-23,47993899.884694636
2013-09-24,43381185.17593291
2013-09-25,42667408.8233226
2013-09-26,37708671.569792435
2013-09-27,42476216.9204487
2013-09-28,69098620.70394309
2013-09-29,73642720.80602574
2013-09-30,49006777.019833155
2013-10-01,44965607.99665963
2013-10-02,44296593.635390714
2013-10-03,39442538.41462299
2013-10-04,44378805.20500924
2013-10-05,70736491.73602138
2013-10-06,75361672.7707717
2013-10-07,50811454.05585586
2013-10-08,46383455.20231141
2013-10-09,45619943.34758275
2013-10-10,40770833.29374904
2013-10-11,45641029.42349512
2013-10-12,71246679.53613506
2013-10-13,75634292.21369323
2013-10-14,50967598.27369509
2013-10-15,46217666.29376797
2013-10-16,45076917.24458797
2013-10-17,39787054.967564836
2013-10-18,44016529.59548499
2013-10-19,70107359.5930861
2013-10-20,74274311.08273186
2013-10-21,48963481.76987475
2013-10-22,44046380.079371884
2013-10-23,42740524.185510114
2013-10-24,37477554.085493445
2013-10-25,41667062.63794127
2013-10-26,67581059.54043163
2013-10-27,71819120.10490537
2013-10-28,46948104.63353124
2013-10-29,42145868.94293206
2013-10-30,41223646.33127343
2013-10-31,36118059.22439882
2013-11-01,40900475.85575083
2013-11-02,67407207.44355899
2013-11-03,71664760.44483016
2013-11-04,46932496.48596242
2013-11-05,42434541.41068111
2013-11-06,41682176.74199142
2013-11-07,36801351.28709074
2013-11-08,41476420.58495806
2013-11-09,67948292.50464329
2013-11-10,72773435.42662589
2013-11-11,48107129.80273367
2013-11-12,43663042.55213644
2013-11-13,42890215.967247225
2013-11-14,37937438.03893545
2013-11-15,42610948.230938636
2013-11-16,68903029.56630293
2013-11-17,73503363.85232739
2013-11-18,48491991.84077508
2013-11-19,43764660.92450016
2013-11-20,42739218.713759966
2013-11-21,37524278.06859834
2013-11-22,42044086.90197443
2013-11-23,68312901.62958416
2013-11-24,72468921.48947877
2013-11-25,47360752.52816168
2013-11-26,42693249.55670477
2013-11-27,41670662.18068304
2013-11-28,36491556.874017246
2013-11-29,40928553.39278811
2013-11-30,67250314.9839852
2013-12-01,72018764.23512046
2013-12-02,47297044.612267934
2013-12-03,42947822.49027801
2013-12-04,42465077.527969606
2013-12-05,38160705.23352711
2013-12-06,43069136.86870438
2013-12-07,69667686.72365327
2013-12-08,74423535.73254913
2013-12-09,50486922.22641893
2013-12-10,46588717.57188574
2013-12-11,46718396.217841476
2013-12-12,42452651.77914012
2013-12-13,48043418.72165532
2013-12-14,75108363.66106439
2013-12-15,80450113.73651141
2013-12-16,56836970.18580707
2013-12-17,53025516.998310864
2013-12-18,53147107.849307396
2013-12-19,49009413.8895247
2013-12-20,54401796.60086244
2013-12-21,80929119.96814281
2013-12-22,85984770.30981556
2013-12-23,62433640.541832104
2013-12-24,58309269.13656154
2013-12-26,52163035.14430534
2013-12-27,56567922.64650908
2013-12-28,82270815.84592001
2013-12-29,86825569.64163397
2013-12-30,63196682.16637114
2013-12-31,57778009.33588294
2014-01-01,6275895.436995672
2014-01-02,463756606.1240495
2014-01-03,382314506.53754157
2014-01-04,497449412.0885348
2014-01-05,526789745.77961844
2014-01-06,336251979.19299614
2014-01-07,343981254.96023315
2014-01-08,473480869.2824186
2014-01-09,292284560.2456215
2014-01-10,304656727.2607267
2014-01-11,435102823.20083076
2014-01-12,472066476.96890044
2014-01-13,326575435.1348795
2014-01-14,309345565.2681859
2014-01-15,417249049.4779703
2014-01-16,283004712.10784656
2014-01-17,305023465.4243782
2014-01-18,434002914.98946
2014-01-19,473003156.43229145
2014-01-20,323080040.00984293
2014-01-21,323394901.7806078
2014-01-22,411728451.88007236
2014-01-23,266035201.15548092
2014-01-24,294119141.3952541
2014-01-25,406627623.7020247
2014-01-26,452430593.6798777
2014-01-27,305934173.6455618
2014-01-28,298813690.0649918
2014-01-29,383788692.0693034
2014-01-30,250242148.92973623
2014-01-31,302338129.8556004
2014-02-01,69888686.98301756
2014-02-02,74189671.28832114
2014-02-03,49328652.87844961
2014-02-04,44831658.72644344
2014-02-05,43702039.11588851
2014-02-06,38719519.195882455
2014-02-07,43012322.4544275
2014-02-08,69214892.22441901
2014-02-09,73371947.29648547
2014-02-10,48631015.070965566
2014-02-11,44058006.16990971
2014-02-12,43019555.171482645
2014-02-13,38055460.65088504
2014-02-14,42566061.354276136
2014-02-15,69135108.85989535
2014-02-16,73304968.14258888
2014-02-17,48491118.71556402
2014-02-18,44090020.21711913
2014-02-19,43373255.62025059
2014-02-20,38563156.04404491
2014-02-21,43403384.96726609
2014-02-22,70241794.79075517
2014-02-23,74552825.64337184
2014-02-24,50116961.7984351
2014-02-25,45951620.15528721
2014-02-26,45328739.520834595
2014-02-27,40667055.95906611
2014-02-28,45830284.30358223
2014-03-01,437038589.4118236
2014-03-02,331682128.0307271
2014-03-03,317214212.46948195
2014-03-04,420813134.7308733
2014-03-05,488908707.85537475
2014-03-06,330528319.79386127
2014-03-07,319044778.2762357
2014-03-08,390888970.28746414
2014-03-09,495260075.7027779
2014-03-10,330003749.77351266
2014-03-11,319037648.7406624
2014-03-12,418284350.6628405
2014-03-13,263978326.13277227
2014-03-14,289774758.12223077
2014-03-15,380362772.95505553
2014-03-16,503172596.43203706
2014-03-17,339325050.809538
2014-03-18,316337928.7799797
2014-03-19,418248013.22675484
2014-03-20,275788080.74610084
2014-03-21,300653840.18006897
2014-03-22,409714622.7732816
2014-03-23,460286015.1003668
2014-03-24,326998788.48199123
2014-03-25,320375030.79830766
2014-03-26,417973988.40001965
2014-03-27,258034439.40730113
2014-03-28,293731743.8707199
2014-03-29,432534633.6580078
2014-03-30,469815070.0265013
2014-03-31,344752684.94010454
2014-04-01,44251696.338423125
2014-04-02,43774775.80520286
2014-04-03,39591638.98940662
2014-04-04,44750768.14277173
2014-04-05,72169288.45068707
2014-04-06,77174958.07768138
2014-04-07,53024140.49158876
2014-04-08,49383366.59623047
2014-04-09,49044986.4815941
2014-04-10,44794039.23763339
2014-04-11,50181391.78919716
2014-04-12,77061681.6942774
2014-04-13,81741259.68194598
2014-04-14,57512677.69526102
2014-04-15,53232961.09794089
2014-04-16,52713022.14267723
2014-04-17,48170887.89362265
2014-04-18,52633476.4236411
2014-04-19,79307907.9213799
2014-04-20,82895259.7263012
2014-04-21,57904868.34259105
2014-04-22,52977280.02726211
2014-04-23,51783226.975079104
2014-04-24,46186600.67238599
2014-04-25,50295264.14076628
2014-04-26,76102599.49624558
2014-04-27,79911191.12206478
2014-04-28,54494682.9317654
2014-04-29,49302383.765247434
2014-04-30,48454011.34518534
2014-05-01,43588377.835591935
2014-05-02,46554612.84050946
2014-05-03,72126825.14935552
2014-05-04,75893759.35505156
2014-05-05,50777243.50120247
2014-05-06,45809399.24534001
2014-05-07,44722933.69187289
2014-05-08,39420547.74090464
2014-05-09,43998831.68459595
2014-05-10,71946552.96288499
2014-05-11,76232622.04377562
2014-05-12,49293254.49314854
2014-05-13,44667977.824047044
2014-05-14,43883463.4336334
2014-05-15,38825074.709151424
2014-05-16,43498810.36006441
2014-05-17,69895376.11606027
2014-05-18,74542823.43674262
2014-05-19,49637297.90400638
2014-05-20,45202878.30942068
2014-05-21,44257600.32678491
2014-05-22,39262872.72408009
2014-05-23,44028221.829220094
2014-05-24,70548039.1699821
2014-05-25,74453392.55057867
2014-05-26,49543832.110232234
2014-05-27,44952312.83038584
2014-05-28,43803267.84276596
2014-05-29,38653883.46427133
2014-05-30,43157803.21954472
2014-05-31,69079090.80582471
2014-06-01,73605627.58988656
2014-06-02,48561739.363875136
2014-06-03,43690212.86870678
2014-06-04,42529159.554676905
2014-06-05,37340265.17838478
2014-06-06,41924198.971116155
2014-06-07,67806080.23024218
2014-06-08,72341049.6319146
2014-06-09,47535400.36140343
2014-06-10,42888618.324869335
2014-06-11,42102877.01518031
2014-06-12,37417249.91811189
2014-06-13,42401370.933983505
2014-06-14,70731206.15256862
2014-06-15,74213838.54088473
2014-06-16,48263128.53472116
2014-06-17,43927711.15994824
2014-06-18,43347233.25228688
2014-06-19,38597545.62743096
2014-06-20,43851686.505138054
2014-06-21,70015543.74042484
2014-06-22,74832247.36747336
2014-06-23,50187940.78162744
2014-06-24,45890290.76278311
2014-06-25,45408230.40472155
2014-06-26,40378644.43932646
2014-06-27,45290577.55189899
2014-06-28,71639417.32429376
2014-06-29,76259035.75231765
2014-06-30,51695028.242432624
2014-07-01,379374163.4162154
2014-07-02,486095505.2509027
2014-07-03,300017776.40388405
2014-07-04,304623028.4671069
2014-07-05,415912842.2938523
2014-07-06,483148575.1839572
2014-07-07,345952764.09444827
2014-07-08,319943218.552734
2014-07-09,411615577.4450083
2014-07-10,262743360.44381693
2014-07-11,288668196.64896363
2014-07-12,407941648.74707586
2014-07-13,397724315.74918085
2014-07-14,327442531.06625134
2014-07-15,329277226.3185422
2014-07-16,431614360.72288275
2014-07-17,271294651.86581475
2014-07-18,291145804.01567477
2014-07-19,390094002.2958817
2014-07-20,417486675.87875354
2014-07-21,332584999.4699425
2014-07-22,310354535.6007883
2014-07-23,403337930.51089656
2014-07-24,262540752.90199888
2014-07-25,303982738.7417579
2014-07-26,370680974.9871688
2014-07-27,407857748.6371139
2014-07-28,334358966.93850195
2014-07-29,314483136.7352484
2014-07-30,415836236.1813348
2014-07-31,277525365.2384234
2014-08-01,46035599.75153726
2014-08-02,72408833.87297158
2014-08-03,76548197.12748165
2014-08-04,51820869.00250779
2014-08-05,47306673.288490675
2014-08-06,46371457.016634196
2014-08-07,41450889.79260596
2014-08-08,46150245.03191241
2014-08-09,72434211.82411009
2014-08-10,76829775.84907669
2014-08-11,52143203.95337351
2014-08-12,47525555.08313285
2014-08-13,46714017.21094356
2014-08-14,41859418.64503279
2014-08-15,46607894.99497279
2014-08-16,72931530.68560335
2014-08-17,77534122.66999632
2014-08-18,52904025.63553912
2014-08-19,48456710.29896046
2014-08-20,47733283.74136749
2014-08-21,42933302.00799239
2014-08-22,47926515.51558675
2014-08-23,74306327.94490524
2014-08-24,78884021.01321241
2014-08-25,54309277.377495974
2014-08-26,49895273.23105208
2014-08-27,49278084.4488919
2014-08-28,44428546.40028575
2014-08-29,49242575.846653074
2014-08-30,75945808.10108851
2014-08-31,80397431.08867133
2014-09-01,429178804.24166906
2014-09-02,403506863.5284774
2014-09-03,507042681.21516335
2014-09-04,296560254.7841391
2014-09-05,317479294.2466922
2014-09-06,467404711.2597644
2014-09-07,530091928.05119646
2014-09-08,356880214.77236766
2014-09-09,338540409.3012711
2014-09-10,457750932.2368615
2014-09-11,269910590.9992853
2014-09-12,307592424.9567746
2014-09-13,437030166.2836363
2014-09-14,494684725.15512246
2014-09-15,353343637.4623809
2014-09-16,364903266.2146452
2014-09-17,461944447.500255
2014-09-18,271145156.62549824
2014-09-19,296661769.6757663
2014-09-20,441804457.0105096
2014-09-21,496215276.44648755
2014-09-22,335960371.3729712
2014-09-23,333139745.3133524
2014-09-24,440669776.42369956
2014-09-25,257192687.34481418
2014-09-26,278620775.5030499
2014-09-27,428005936.26397586
2014-09-28,486328946.26403254
2014-09-29,333600918.62338394
2014-09-30,341351569.28779846
2014-10-01,523329232.89597434
2014-10-02,319324380.8954266
2014-10-03,338718981.5389882
2014-10-04,469133589.1325238
2014-10-05,511763435.4422746
2014-10-06,348308818.8887498
2014-10-07,331213849.76694304
2014-10-08,432620461.4544077
2014-10-09,267287379.82050723
2014-10-10,366159263.0462512
2014-10-11,395974870.2981391
2014-10-12,444649645.2873809
2014-10-13,351831317.9319149
2014-10-14,339717866.04512215
2014-10-15,460166447.8448428
2014-10-16,292139926.18169
2014-10-17,295825900.44876873
2014-10-18,428529484.0757716
2014-10-19,490995896.7468444
2014-10-20,347242150.4641628
2014-10-21,322855175.9264985
2014-10-22,440052732.9785614
2014-10-23,265526944.43184766
2014-10-24,283753948.12243086
2014-10-25,403067710.47990173
2014-10-26,477853194.0341896
2014-10-27,322660130.9078468
2014-10-28,303929523.67167014
2014-10-29,409359802.41199815
2014-10-30,247977617.83359873
2014-10-31,288554552.48562247
2014-11-01,423524829.5605617
2014-11-02,364774004.43737763
2014-11-03,488345466.5944021
2014-11-04,406569698.8092593
2014-11-05,495977753.4122586
2014-11-06,300143954.30034316
2014-11-07,306144205.5644581
2014-11-08,424095516.1724119
2014-11-09,490714123.1458723
2014-11-10,327936121.1208241
2014-11-11,329626972.3977859
2014-11-12,424564026.0474817
2014-11-13,263445315.615798
2014-11-14,297616129.9845573
2014-11-15,414864245.0716553
2014-11-16,505199345.59279865
2014-11-17,342244526.2366986
2014-11-18,330650899.78848183
2014-11-19,418186630.3530609
2014-11-20,278460203.72675276
2014-11-21,299842024.29745424
2014-11-22,409140482.4656308
2014-11-23,482525186.419712
2014-11-24,335074765.6597454
2014-11-25,320728332.4231346
2014-11-26,422510126.9278987
2014-11-27,254263464.8279579
2014-11-28,288805344.7118124
2014-11-29,414276172.39803624
2014-11-30,508529915.047858
2014-12-01,394814292.1411037
2014-12-02,376096772.33644354
2014-12-03,459373141.26653516
2014-12-04,284291703.5404228
2014-12-05,300820730.2329539
2014-12-06,398429374.5772603
2014-12-07,503432795.99603707
2014-12-08,366852405.1121
2014-12-09,334898623.84853464
2014-12-10,431017651.1084841
2014-12-11,288454247.1994808
2014-12-12,308114777.9142908
2014-12-13,402696461.8299941
2014-12-14,484464846.28009176
2014-12-15,367521993.6553937
2014-12-16,367724756.87263596
2014-12-17,452031202.7940099
2014-12-18,310373074.3982415
2014-12-19,331145770.34944767
2014-12-20,420073654.89861554
2014-12-21,499818690.57807827
2014-12-22,460067310.0736176
2014-12-23,504990236.72404736
2014-12-24,526703947.7347028
2014-12-26,415747918.8607861
2014-12-27,368720060.3867119
2014-12-28,368321720.39217913
2014-12-29,397747965.24391586
2014-12-30,506663634.94872373
2014-12-31,528203841.3226846
2015-01-01,44826630.89722557
2015-01-02,59284664.14970751
2015-01-03,81691460.44296534
2015-01-04,85383055.69602631
2015-01-05,60221769.3768991
2015-01-06,54205669.089727
2015-01-07,53800247.36232633
2015-01-08,50424386.57390219
2015-01-09,51854790.259196684
2015-01-10,76799159.88264924
2015-01-11,81238205.81654075
2015-01-12,56386258.62610065
2015-01-13,51136492.813508764
2015-01-14,50380823.01871556
2015-01-15,44989602.09204973
2015-01-16,48364724.06798493
2015-01-17,73479030.70969293
2015-01-18,78151533.51487647
2015-01-19,55193184.02356648
2015-01-20,49303929.5366249
2015-01-21,48120466.99309362
2015-01-22,41359911.4184257
2015-01-23,46354351.62728715
2015-01-24,73078683.66235666
2015-01-25,76312514.98972307
2015-01-26,52092737.17791287
2015-01-27,47576615.32711447
2015-01-28,46556593.38584553
2015-01-29,41481597.37165569
2015-01-30,47833970.176587276
2015-01-31,72799869.2622175
2015-02-01,78165980.83777693
2015-02-02,53874716.38003103
2015-02-03,47631892.7978493
2015-02-04,48293708.16827227
2015-02-05,42250721.738114744
2015-02-06,46617597.715398826
2015-02-07,72662059.63668151
2015-02-08,77335591.39351842
2015-02-09,51976759.31067788
2015-02-10,48136966.57177561
2015-02-11,47660614.09235204
2015-02-12,42108383.809906684
2015-02-13,48508496.22214897
2015-02-14,74427785.94172662
2015-02-15,75730252.08325936
2015-02-16,53662064.644569546
2015-02-17,49827720.76447599
2015-02-18,47804687.222079836
2015-02-19,43482730.11171129
2015-02-20,47893260.737968124
2015-02-21,73262658.81045157
2015-02-22,78197519.44604436
2015-02-23,53376494.830148846
2015-02-24,49315086.87056133
2015-02-25,47641640.02390098
2015-02-26,43217916.036209434
2015-02-27,49342286.843349285
2015-02-28,76044405.40781118
2015-03-01,81604369.11261356
2015-03-02,57041897.927595854
2015-03-03,51252650.635004945
2015-03-04,50653140.01347032
2015-03-05,46827200.51618672
2015-03-06,52247698.25511105
2015-03-07,76649803.85625136
2015-03-08,81175942.49817155
2015-03-09,55618591.12389569
2015-03-10,51171895.82773882
2015-03-11,49685985.9478432
2015-03-12,44899016.32787488
2015-03-13,49433626.20768774
2015-03-14,74627526.85561751
2015-03-15,78021701.88646157
2015-03-16,52989106.20406937
2015-03-17,48024062.854865305
2015-03-18,46842036.79649594
2015-03-19,41711373.32939424
2015-03-20,46363390.74317877
2015-03-21,72122956.63737518
2015-03-22,75456216.81610365
2015-03-23,51134394.377350956
2015-03-24,46568241.706736445
2015-03-25,45405164.12032335
2015-03-26,40884316.74325274
2015-03-27,45428194.780229725
2015-03-28,70749415.53110416
2015-03-29,77515725.36318311
2015-03-30,51786277.54371008
2015-03-31,49463143.75102938
2015-04-01,48552982.823833235
2015-04-02,45147647.420465074
2015-04-03,49556754.559825085
2015-04-04,75301683.97314166
2015-04-05,79965152.38265602
2015-04-06,56926189.49257545
2015-04-07,55333699.98805448
2015-04-08,52278193.901272446
2015-04-09,48342887.080542736
2015-04-10,53643830.92721353
2015-04-11,80350503.59171344
2015-04-12,84566429.73543599
2015-04-13,61499372.05124547
2015-04-14,57460416.7047517
2015-04-15,57419469.18811045
2015-04-16,52339821.87681832
2015-04-17,56210066.28053194
2015-04-18,82300417.07608415
2015-04-19,86764474.59069775
2015-04-20,62139766.591943875
2015-04-21,57667498.683774
2015-04-22,55635306.16631724
2015-04-23,50802294.62077443
2015-04-24,55066489.74108775
2015-04-25,80496560.57707472
2015-04-26,84163786.70126031
2015-04-27,59765426.153468154
2015-04-28,53568799.15280229
2015-04-29,53256657.71434903
2015-04-30,49349915.56521315
2015-05-01,56142462.475811
2015-05-02,78498879.95851915
2015-05-03,80229113.945312
2015-05-04,58748508.09279029
2015-05-05,53298455.86396065
2015-05-06,53711357.81611523
2015-05-07,43982159.71087121
2015-05-08,46327327.9493977
2015-05-09,74819079.03587349
2015-05-10,64990314.90874847
2015-05-11,54003273.58205865
2015-05-12,45581798.995155275
2015-05-13,43010183.33260733
2015-05-14,38648799.37173619
2015-05-15,45891746.01010771
2015-05-16,75335883.5815721
2015-05-17,83960139.92199716
2015-05-18,50468323.121450886
2015-05-19,44749737.505299464
2015-05-20,48162782.939596854
2015-05-21,41350593.85938937
2015-05-22,47491568.24996724
2015-05-23,74680523.02954286
2015-05-24,81371735.53480406
2015-05-25,49242582.50059638
2015-05-26,43912708.374048725
2015-05-27,41598465.367212296
2015-05-28,38841326.34236881
2015-05-29,48362625.70857597
2015-05-30,86587924.71344991
2015-05-31,97766862.41863972
2015-06-01,401567461.8866337
2015-06-02,411847314.98809576
2015-06-03,500878116.13513637
2015-06-04,310669627.67393273
2015-06-05,333461330.7907683
2015-06-06,452618996.083292
2015-06-07,536262309.80139786
2015-06-08,374067626.0855085
2015-06-09,362549034.1678028
2015-06-10,445900042.6998053
2015-06-11,271940361.05570203
2015-06-12,321089504.9853963
2015-06-13,436909913.40332454
2015-06-14,508131958.38721514
2015-06-15,373214059.611361
2015-06-16,390115309.01110864
2015-06-17,473941781.5028868
2015-06-18,300613433.4284915
2015-06-19,348951037.7521665
2015-06-20,510064782.6732126
2015-06-21,422128609.61340743
2015-06-22,386699762.2101643
2015-06-23,384235362.79211354
2015-06-24,457923552.3325357
2015-06-25,283339349.90459174
2015-06-26,314359235.3847479
2015-06-27,436968219.31899434
2015-06-28,514813266.2164419
2015-06-29,355221982.44034946
2015-06-30,377088363.6285392
2015-07-01,561100474.657205
2015-07-02,351599345.2806237
2015-07-03,389783308.5534
2015-07-04,497253519.31105626
2015-07-05,490216499.9953576
2015-07-06,368431295.6148866
2015-07-07,351685712.4058027
2015-07-08,488665532.75328827
2015-07-09,327123621.1198148
2015-07-10,341243456.96855867
2015-07-11,414416072.24331325
2015-07-12,473516152.4230198
2015-07-13,354618960.33798903
2015-07-14,354723640.63668114
2015-07-15,453294166.34565634
2015-07-16,305085545.0152069
2015-07-17,342967140.2880961
2015-07-18,435371888.1521599
2015-07-19,473803712.9912867
2015-07-20,371805739.25326395
2015-07-21,354733454.57134235
2015-07-22,444791541.92879224
2015-07-23,293408452.99680877
2015-07-24,335465227.65123916
2015-07-25,418086163.94126457
2015-07-26,474513664.32711923
2015-07-27,368287711.14980835
2015-07-28,359478729.4463632
2015-07-29,440819408.75138116
2015-07-30,292523888.6811291
2015-07-31,354242235.7272775
2015-08-01,498678289.75664437
2015-08-02,526112469.7789466
2015-08-03,423396227.5773036
2015-08-04,415064334.5846824
2015-08-05,473022941.019474
2015-08-06,299966454.64029443
2015-08-07,329780697.12758905
2015-08-08,392583926.50042605
2015-08-09,352873932.32278174
2015-08-10,411943162.2723803
2015-08-11,400316338.0214771
2015-08-12,466161326.79464304
2015-08-13,300479977.1653231
2015-08-14,350177033.9206716
2015-08-15,453007779.48162156
2015-08-16,462899050.8390804
2015-08-17,356388125.4514611
2015-08-18,361234159.66349465
2015-08-19,436213907.38462836
2015-08-20,295619286.25660217
2015-08-21,339432932.40022486
2015-08-22,427196483.1278349
2015-08-23,461762733.40100366
2015-08-24,373681611.1107111
2015-08-25,365552884.32058483
2015-08-26,437924177.0212951
2015-08-27,283770624.3733524
2015-08-28,325555603.56577384
2015-08-29,445323714.65566087
2015-08-30,506603484.99099594
2015-08-31,396127544.10142493
2015-09-01,468499907.8414104
2015-09-02,545623930.3966883
2015-09-03,335762266.7151011
2015-09-04,349361544.6677556
2015-09-05,505749577.71308976
2015-09-06,545848141.6578127
2015-09-07,381001205.01249576
2015-09-08,366843391.2317174
2015-09-09,461083838.3054874
2015-09-10,292849640.6586863
2015-09-11,327459594.27665585
2015-09-12,455870195.6689849
2015-09-13,515430226.0872314
2015-09-14,354555958.70842355
2015-09-15,379466242.9662074
2015-09-16,491502092.03066
2015-09-17,300200502.2535811
2015-09-18,329645588.4862152
2015-09-19,462289505.76640445
2015-09-20,511862084.3130831
2015-09-21,368968988.3043319
2015-09-22,364083529.0361031
2015-09-23,464154713.13556665
2015-09-24,285602662.24156433
2015-09-25,327279764.4528009
2015-09-26,449281211.09159964
2015-09-27,519829590.43924356
2015-09-28,361012737.3849304
2015-09-29,355421746.65028465
2015-09-30,473199738.991276
2015-10-01,379923062.5973766
2015-10-02,398896011.69772315
2015-10-03,538702294.329964
2015-10-04,582774060.9016851
2015-10-05,402129803.4620894
2015-10-06,375059838.8456025
2015-10-07,468370334.0818954
2015-10-08,292875372.9014783
2015-10-09,424979244.1320285
2015-10-10,420844355.48936844
2015-10-11,470631665.860549
2015-10-12,375570425.24853265
2015-10-13,341509159.9617305
2015-10-14,470027111.56977683
2015-10-15,307418278.9592617
2015-10-16,358877261.18860215
2015-10-17,485255879.41485685
2015-10-18,536481675.1169917
2015-10-19,370435241.44183826
2015-10-20,382010182.1109764
2015-10-21,475862698.11918426
2015-10-22,292815230.10748774
2015-10-23,336612413.5898834
2015-10-24,452116012.3996056
2015-10-25,521685112.04430765
2015-10-26,351705861.2442159
2015-10-27,342163828.6601975
2015-10-28,424314363.4434499
2015-10-29,264135082.29301167
2015-10-30,321573435.7044387
2015-10-31,436848762.6126762
2015-11-01,388265254.1386307
2015-11-02,371212453.5344334
2015-11-03,536002687.5422229
2015-11-04,556301276.0776292
2015-11-05,343915961.80349934
2015-11-06,349210235.5069402
2015-11-07,467717934.2737775
2015-11-08,546140712.8959864
2015-11-09,355000909.24844223
2015-11-10,357735096.54283315
2015-11-11,470618247.19941133
2015-11-12,265538065.28837398
2015-11-13,326730540.0433946
2015-11-14,444507776.8997673
2015-11-15,539094658.6822338
2015-11-16,381888657.99337244
2015-11-17,360361867.6777191
2015-11-18,478293497.0017307
2015-11-19,303816365.7089222
2015-11-20,348819205.6000066
2015-11-21,452326616.4617455
2015-11-22,532399470.1848191
2015-11-23,372346419.39427245
2015-11-24,367255346.41356194
2015-11-25,470558168.69524467
2015-11-26,285168685.1616979
2015-11-27,316462576.18141407
2015-11-28,425955322.44873637
2015-11-29,540476599.2693572
2015-11-30,393008185.48099995
2015-12-01,453802200.7624689
2015-12-02,546840413.2560962
2015-12-03,326848692.363813
2015-12-04,348099850.17587864
2015-12-05,466567298.7004802
2015-12-06,564988178.3857697
2015-12-07,411542839.5700327
2015-12-08,393703181.14510363
2015-12-09,495906460.70944744
2015-12-10,306661185.3414513
2015-12-11,347058973.60887116
2015-12-12,444344903.60509574
2015-12-13,512106499.67834604
2015-12-14,387318525.8766588
2015-12-15,398502459.47817487
2015-12-16,506353895.0759013
2015-12-17,354728279.3802127
2015-12-18,373659058.8409693
2015-12-19,493279377.65934885
2015-12-20,544472253.3212332
2015-12-21,474279263.2902346
2015-12-22,532512135.04599446
2015-12-23,664992197.3169152
2015-12-24,601349484.5878699
2015-12-26,456173065.1906182
2015-12-27,416924761.1369923
2015-12-28,405604018.9774565
2015-12-29,466932539.5762667
2015-12-30,633036923.4342788
2015-12-31,578513590.0416077
2016-01-01,8042967.2554995185
2016-01-02,521998490.94052094
2016-01-03,638344311.0086412
2016-01-04,527155141.65854657
2016-01-05,476797910.59656256
2016-01-06,562278820.4118943
2016-01-07,359793466.58339316
2016-01-08,385868902.25176233
2016-01-09,526669665.22227705
2016-01-10,578445121.9899617
2016-01-11,390813829.63799435
2016-01-12,394052888.4728464
2016-01-13,476201632.04133934
2016-01-14,313478557.83779866
2016-01-15,359174863.95593244
2016-01-16,510454833.2706519
2016-01-17,558971307.0761997
2016-01-18,396288092.7176088
2016-01-19,379166769.5570677
2016-01-20,519852957.20875454
2016-01-21,309272515.6799201
2016-01-22,354914709.9282774
2016-01-23,486404693.5912801
2016-01-24,536804521.6549906
2016-01-25,375561597.0865712
2016-01-26,372194607.6194471
2016-01-27,473518058.352266
2016-01-28,298356338.31353694
2016-01-29,350831550.0204974
2016-01-30,499064190.5871113
2016-01-31,572726813.1826409
2016-02-01,450990201.3760994
2016-02-02,421909968.80473673
2016-02-03,498703279.96083707
2016-02-04,315877827.7618964
2016-02-05,383205519.43612564
2016-02-06,460080694.368915
2016-02-07,350069574.9259063
2016-02-08,337713126.2944368
2016-02-09,441499501.7553653
2016-02-10,534150937.72261
2016-02-11,356621104.6167507
2016-02-12,372304642.13043207
2016-02-13,452562731.08496916
2016-02-14,504359895.0869974
2016-02-15,414319560.41328657
2016-02-16,427140335.68685204
2016-02-17,510860205.7870312
2016-02-18,308667800.6924449
2016-02-19,362947325.01964194
2016-02-20,465282354.3019799
2016-02-21,532151361.9615515
2016-02-22,385026321.6968771
2016-02-23,373629320.53843457
2016-02-24,469442545.26608956
2016-02-25,299471792.699306
2016-02-26,341435067.74448586
2016-02-27,475888733.5716694
2016-02-28,527290285.3744264
2016-02-29,386683083.19731015
2016-03-01,470400533.46086633
2016-03-02,546446872.6123478
2016-03-03,332815492.10762477
2016-03-04,372437882.23979366
2016-03-05,504138975.05249155
2016-03-06,546266007.4305145
2016-03-07,377362103.9290932
2016-03-08,361383410.64529866
2016-03-09,485303037.01800007
2016-03-10,301694080.0322872
2016-03-11,351457385.41481495
2016-03-12,465059996.3255834
2016-03-13,503460400.19794613
2016-03-14,367094793.6677863
2016-03-15,398430791.8098503
2016-03-16,509539697.8071525
2016-03-17,310811072.14502895
2016-03-18,350641420.1654593
2016-03-19,468367694.42779076
2016-03-20,494159670.4171512
2016-03-21,376266423.65684813
2016-03-22,370921576.92434335
2016-03-23,473619072.4082393
2016-03-24,345172500.5870066
2016-03-25,326515893.99069434
2016-03-26,410264916.5663757
2016-03-27,447284592.2182192
2016-03-28,376380245.0170461
2016-03-29,383920244.08073854
2016-03-30,469144295.6593126
2016-03-31,329271682.1361633
2016-04-01,415540249.5917627
2016-04-02,541961442.2920029
2016-04-03,625329757.2726679
2016-04-04,403201091.81080943
2016-04-05,405732340.36622196
2016-04-06,489846980.8465321
2016-04-07,304773809.8038201
2016-04-08,352545969.6816403
2016-04-09,460326787.9999302
2016-04-10,512190113.008093
2016-04-11,350146161.84166545
2016-04-12,372668751.1296765
2016-04-13,453079231.5690027
2016-04-14,288860406.2422542
2016-04-15,346869966.29352754
2016-04-16,439429276.9171649
2016-04-17,532806162.51730496
2016-04-18,455962433.697984
2016-04-19,443539648.4892399
2016-04-20,520269412.3190977
2016-04-21,341298841.2338152
2016-04-22,366583055.7672635
2016-04-23,477722398.85922873
2016-04-24,505815380.9181064
2016-04-25,340659553.943085
2016-04-26,355999617.9251996
2016-04-27,456099637.0000906
2016-04-28,276990895.3836607
2016-04-29,348565659.1307292
2016-04-30,500493400.0743823
2016-05-01,599048470.6889671
2016-05-02,413034395.85808784
2016-05-03,414115371.4427497
2016-05-04,510540877.05600196
2016-05-05,313283551.33640105
2016-05-06,384718329.3890151
2016-05-07,547903446.300559
2016-05-08,410902146.90344167
2016-05-09,390861473.36147934
2016-05-10,378984184.5769044
2016-05-11,491678281.2227742
2016-05-12,307079295.4203196
2016-05-13,347504745.28427154
2016-05-14,471101003.1767573
2016-05-15,546915126.065597
2016-05-16,399723652.542225
2016-05-17,389269929.4367824
2016-05-18,463505654.1664323
2016-05-19,312062886.1791745
2016-05-20,370431611.77497417
2016-05-21,473873904.8609001
2016-05-22,531757875.7081433
2016-05-23,373981145.50918996
2016-05-24,352381194.17987823
2016-05-25,448155381.89958173
2016-05-26,305920455.92778206
2016-05-27,435044702.70726234
2016-05-28,411568945.96283764
2016-05-29,481879553.6596689
2016-05-30,390899164.4365458
2016-05-31,469232320.25786585
2016-06-01,512846602.6472474
2016-06-02,344226643.4745999
2016-06-03,361115922.6392237
2016-06-04,494469711.4287532
2016-06-05,548896400.6304458
2016-06-06,377183321.2000798
2016-06-07,376899353.6506996
2016-06-08,468132118.0509796
2016-06-09,291529116.1057676
2016-06-10,331720662.42512685
2016-06-11,433071552.1003258
2016-06-12,484493200.41522485
2016-06-13,362297811.2441298
2016-06-14,364592777.79037863
2016-06-15,479348290.9178326
2016-06-16,317265213.19017494
2016-06-17,370363507.6963929
2016-06-18,512700942.9664091
2016-06-19,428417959.0469916
2016-06-20,375420900.96469337
2016-06-21,380017972.3786815
2016-06-22,456853003.55288815
2016-06-23,297939199.8175951
2016-06-24,328622823.1173068
2016-06-25,450734992.76917005
2016-06-26,496661421.2938596
2016-06-27,356474065.8866095
2016-06-28,350023739.21556497
2016-06-29,436716635.49094945
2016-06-30,290192167.18496925
2016-07-01,414350210.2378221
2016-07-02,515768042.6789458
2016-07-03,550130796.8636968
2016-07-04,411944096.2232561
2016-07-05,401236400.6496835
2016-07-06,487234124.6337561
2016-07-07,298991396.113784
2016-07-08,352569784.16812813
2016-07-09,440239500.29958147
2016-07-10,478294256.68723905
2016-07-11,359965250.1492282
2016-07-12,367478705.5998292
2016-07-13,444631107.98393244
2016-07-14,285001153.9756291
2016-07-15,343123564.00697535
2016-07-16,450208656.6892943
2016-07-17,475220119.0670338
2016-07-18,370578753.4229346
2016-07-19,370816591.52896816
2016-07-20,457427023.62679595
2016-07-21,296911854.78181833
2016-07-22,330861816.0441952
2016-07-23,416104304.4881016
2016-07-24,436139589.719799
2016-07-25,366132618.589002
2016-07-26,355971358.4214257
2016-07-27,430038271.8332716
2016-07-28,279871407.72357804
2016-07-29,341045329.9422202
2016-07-30,445047930.5664131
2016-07-31,491526054.637862
2016-08-01,432289626.05561113
2016-08-02,407783873.9744915
2016-08-03,484347098.0654298
2016-08-04,307440502.7609427
2016-08-05,345411534.35109925
2016-08-06,414111199.96991724
2016-08-07,449329735.7289206
2016-08-08,367020623.43446493
2016-08-09,353828756.7532773
2016-08-10,420989033.5160652
2016-08-11,297165385.7459732
2016-08-12,366829411.3156686
2016-08-13,355485362.3719888
2016-08-14,387550060.7390682
2016-08-15,376997245.2039837
2016-08-16,402059786.14022624
2016-08-17,471130383.0372268
2016-08-18,292568504.7952222
2016-08-19,337209206.1530936
2016-08-20,424444639.12006605
2016-08-21,465165479.03263336
2016-08-22,383889985.53570193
2016-08-23,374384398.6191305
2016-08-24,447020455.1149281
2016-08-25,288137038.7851908
2016-08-26,334320919.71267843
2016-08-27,412514080.78024834
2016-08-28,448021306.47422624
2016-08-29,360668825.79417646
2016-08-30,360016910.8651913
2016-08-31,468941909.7548884
2016-09-01,345284506.3418704
2016-09-02,393400444.8182303
2016-09-03,501074849.5609776
2016-09-04,526272467.84959465
2016-09-05,392928750.0788439
2016-09-06,402792158.8560757
2016-09-07,475649940.56155
2016-09-08,301349996.25478804
2016-09-09,331500182.3384392
2016-09-10,459886077.8598124
2016-09-11,505778523.7893526
2016-09-12,356108982.42277014
2016-09-13,352118696.7985451
2016-09-14,433422403.3731764
2016-09-15,289620600.1018954
2016-09-16,345763947.44094723
2016-09-17,456097431.89133954
2016-09-18,510774554.8593107
2016-09-19,357623682.8769764
2016-09-20,371293260.82037926
2016-09-21,450527851.8055944
2016-09-22,282796869.27641284
2016-09-23,339943950.3031725
2016-09-24,438461560.73084414
2016-09-25,493580405.9132876
2016-09-26,350532083.6849481
2016-09-27,345898182.2892244
2016-09-28,434088615.90492684
2016-09-29,267830192.07678077
2016-09-30,344531794.42870605
2016-10-01,540365514.1457286
2016-10-02,602494335.8875865
2016-10-03,407388799.1167445
2016-10-04,386989501.1958681
2016-10-05,479422119.1848318
2016-10-06,294289732.9792128
2016-10-07,358544337.9354417
2016-10-08,475320441.38033104
2016-10-09,545936247.589908
2016-10-10,383246146.7454015
2016-10-11,372808431.80395204
2016-10-12,468699096.446493
2016-10-13,289956599.7859975
2016-10-14,348341184.782226
2016-10-15,453348941.06611395
2016-10-16,557732476.9512153
2016-10-17,384900445.76155156
2016-10-18,358790339.722023
2016-10-19,448565709.048973
2016-10-20,309777383.939878
2016-10-21,348817184.8146083
2016-10-22,429594885.615914
2016-10-23,517863746.399959
2016-10-24,350999956.04509825
2016-10-25,364083748.19795465
2016-10-26,434327392.62286973
2016-10-27,270389088.4800829
2016-10-28,309608929.093731
2016-10-29,398096697.4395495
2016-10-30,441598499.264008
2016-10-31,298573045.2162715
2016-11-01,392917381.940984
2016-11-02,493820320.788953
2016-11-03,352698380.4399615
2016-11-04,383265207.586627
2016-11-05,395427126.699169
2016-11-06,527001974.199134
2016-11-07,425444217.4854545
2016-11-08,412779376.595284
2016-11-09,497189384.36145896
2016-11-10,286041354.0990247
2016-11-11,337297363.62412226
2016-11-12,437554188.474393
2016-11-13,565194539.946898
2016-11-14,361231073.853827
2016-11-15,361880881.5290438
2016-11-16,503703491.4767873
2016-11-17,304775405.47856593
2016-11-18,352382055.026672
2016-11-19,454233197.40101373
2016-11-20,544712411.683561
2016-11-21,388512262.534359
2016-11-22,378055512.35100394
2016-11-23,490847779.846606
2016-11-24,292933683.4251703
2016-11-25,340480929.56483597
2016-11-26,433762375.87043405
2016-11-27,516332821.00708747
2016-11-28,382002647.0280527
2016-11-29,365381174.6062353
2016-11-30,481613881.009674
2016-12-01,358601250.242538
2016-12-02,377371161.411645
2016-12-03,488086723.604509
2016-12-04,570151805.1225097
2016-12-05,375856857.561421
2016-12-06,463363995.717431
2016-12-07,511026004.25014025
2016-12-08,315784766.72140497
2016-12-09,357718997.688982
2016-12-10,416827645.045917
2016-12-11,509967221.93398595
2016-12-12,370324795.20730203
2016-12-13,380672549.182593
2016-12-14,476471581.2440675
2016-12-15,324308900.9463753
2016-12-16,381152977.691306
2016-12-17,463761417.9762493
2016-12-18,550965209.56759
2016-12-19,427426292.1329987
2016-12-20,464637096.813032
2016-12-21,595309940.6346235
2016-12-22,483081375.321084
2016-12-23,598274046.4071351
2016-12-24,643174035.0730543
2016-12-26,484251332.56389797
2016-12-27,452309222.281618
2016-12-28,548686510.5523481
2016-12-29,443399383.921835
2016-12-30,599202693.5479922
2016-12-31,623924032.947049
2017-01-01,5582192.760997
2017-01-02,661305920.614334
2017-01-03,622635508.2018245
2017-01-04,624695706.147742
2017-01-05,394804286.62406945
2017-01-06,422208190.80948895
2017-01-07,535772458.877449
2017-01-08,578747431.751728
2017-01-09,397347861.7219065
2017-01-10,420261136.85576093
2017-01-11,518822942.442515
2017-01-12,327062914.261454
2017-01-13,384798925.61643815
2017-01-14,506067386.539226
2017-01-15,577878479.815838
2017-01-16,421220460.337675
2017-01-17,420700908.826452
2017-01-18,524430605.41517234
2017-01-19,311305081.1533793
2017-01-20,368658131.7960875
2017-01-21,536530998.452455
2017-01-22,580951950.3809539
2017-01-23,403879745.693625
2017-01-24,408428820.259131
2017-01-25,505314541.56312275
2017-01-26,307252553.5569877
2017-01-27,370943732.373837
2017-01-28,495603270.99735004
2017-01-29,546364698.153043
2017-01-30,366643629.660487
2017-01-31,443977643.71442497
2017-02-01,604548670.176374
2017-02-02,366465849.03961504
2017-02-03,400197994.7239293
2017-02-04,532015828.418163
2017-02-05,563450614.1300449
2017-02-06,398500667.89718103
2017-02-07,421266998.315252
2017-02-08,514964641.987635
2017-02-09,327984355.82384896
2017-02-10,388842355.51590455
2017-02-11,482057381.47801
2017-02-12,547927042.750014
2017-02-13,411958754.8220675
2017-02-14,376462378.33206904
2017-02-15,517383100.23508394
2017-02-16,333685820.2145171
2017-02-17,395052439.47929
2017-02-18,541474478.199003
2017-02-19,432174589.6780135
2017-02-20,392260902.8034607
2017-02-21,413018707.45702547
2017-02-22,488318686.0754027
2017-02-23,330716568.79345596
2017-02-24,392952100.830652
2017-02-25,489930878.1419575
2017-02-26,376546589.437228
2017-02-27,359299897.09813803
2017-02-28,509172343.9040505
2017-03-01,628299442.637512
2017-03-02,418975493.92407197
2017-03-03,446589110.481924
2017-03-04,526673465.5700592
2017-03-05,569859699.374904
2017-03-06,391280654.8550405
2017-03-07,426665284.614975
2017-03-08,505039422.6019577
2017-03-09,336607750.3019827
2017-03-10,379119945.7495
2017-03-11,484842779.10845655
2017-03-12,562126125.976973
2017-03-13,386511358.751536
2017-03-14,402887208.1086447
2017-03-15,532106423.186869
2017-03-16,337628269.08297396
2017-03-17,388592008.86207
2017-03-18,491534413.253604
2017-03-19,558326943.190587
2017-03-20,415659836.73171
2017-03-21,419581018.35267705
2017-03-22,503387312.395034
2017-03-23,309027500.159179
2017-03-24,370252424.837515
2017-03-25,482968399.39188695
2017-03-26,525969321.265206
2017-03-27,383723910.405042
2017-03-28,379395662.259077
2017-03-29,516182361.145033
2017-03-30,315541121.600998
2017-03-31,421690522.55638
2017-04-01,660318765.616959
2017-04-02,496550560.38739794
2017-04-03,370238315.932029
2017-04-04,427629272.8895017
2017-04-05,521482812.230457
2017-04-06,323859432.061603
2017-04-07,364522294.841925
2017-04-08,469061550.809108
2017-04-09,528597364.84125096
2017-04-10,363767233.701778
2017-04-11,397714468.023196
2017-04-12,478671769.895333
2017-04-13,360019201.58318305
2017-04-14,345782662.14097905
2017-04-15,418857831.014628
2017-04-16,482659581.046613
2017-04-17,397807722.77110547
2017-04-18,414436738.504462
2017-04-19,492031652.46574765
2017-04-20,346051915.1954027
2017-04-21,396822078.688872
2017-04-22,474978170.63786894
2017-04-23,545948118.3503034
2017-04-24,368637604.551795
2017-04-25,401203327.129637
2017-04-26,508652400.79799956
2017-04-27,312401224.72759545
2017-04-28,386291878.6701025
2017-04-29,503339488.362741
2017-04-30,489836348.8979705
2017-05-01,602970208.4068971
2017-05-02,490197580.510613
2017-05-03,569585070.7572039
2017-05-04,344923046.533983
2017-05-05,373298495.277016
2017-05-06,495754818.294418
2017-05-07,583926351.3854741
2017-05-08,390337470.090015
2017-05-09,408161069.929831
2017-05-10,511282507.99359393
2017-05-11,312375625.533039
2017-05-12,383724476.535784
2017-05-13,571071655.118703
2017-05-14,446213186.5438385
2017-05-15,414590617.602122
2017-05-16,453826654.0965783
2017-05-17,545834981.4414439
2017-05-18,318914195.61996204
2017-05-19,382049338.53486776
2017-05-20,502826498.532783
2017-05-21,593190408.547829
2017-05-22,396755357.167626
2017-05-23,407095839.367982
2017-05-24,494812169.8551255
2017-05-25,319148230.24721
2017-05-26,476621808.09956354
2017-05-27,449259109.706144
2017-05-28,521256291.58145696
2017-05-29,399708304.738538
2017-05-30,414639549.2086905
2017-05-31,528392647.501911
2017-06-01,368215085.081345
2017-06-02,425881020.039125
2017-06-03,527211015.71915203
2017-06-04,630773451.532995
2017-06-05,421301579.1576
2017-06-06,426747159.719656
2017-06-07,539011513.0861323
2017-06-08,316649386.091025
2017-06-09,381298930.7385199
2017-06-10,464721864.089049
2017-06-11,573938237.731877
2017-06-12,387115946.0441517
2017-06-13,409285609.87684906
2017-06-14,515656736.28134626
2017-06-15,336384514.69442403
2017-06-16,420623800.880055
2017-06-17,570964801.5843865
2017-06-18,474333244.714479
2017-06-19,405740255.061681
2017-06-20,437743684.1920395
2017-06-21,511859656.9757892
2017-06-22,315097203.20095855
2017-06-23,385778820.4650639
2017-06-24,484907726.257135
2017-06-25,549170645.010614
2017-06-26,391576346.8000665
2017-06-27,397829799.44741297
2017-06-28,508623832.14331055
2017-06-29,323635175.245622
2017-06-30,391754890.2877327
2017-07-01,564113358.995368
2017-07-02,621116148.2365535
2017-07-03,459461053.55211604
2017-07-04,453824956.76431364
2017-07-05,542583438.650566
2017-07-06,346138280.5266567
2017-07-07,393985580.803693
2017-07-08,488761720.4880085
2017-07-09,550881261.5798761
2017-07-10,409093607.77178645
2017-07-11,413166182.463201
2017-07-12,501290477.9734587
2017-07-13,320260197.1579295
2017-07-14,379823575.4853933
2017-07-15,470982843.43507504
2017-07-16,555912916.939023
2017-07-17,411718008.705149
2017-07-18,404805687.62394
2017-07-19,499313718.6521279
2017-07-20,342874794.493907
2017-07-21,383379456.7107188
2017-07-22,465454708.31388104
2017-07-23,517718116.479245
2017-07-24,412228281.281246
2017-07-25,397473236.743109
2017-07-26,483709277.220667
2017-07-27,317847663.8085588
2017-07-28,389675374.0322035
2017-07-29,477636740.50828695
2017-07-30,526575224.9029517
2017-07-31,432648636.9378705
2017-08-01,501114285.174704
2017-08-02,573897377.942551
2017-08-03,345758921.869932
2017-08-04,394717883.313078
2017-08-05,471788881.12799203
2017-08-06,521390800.474277
2017-08-07,404274872.043267
2017-08-08,406059928.86560553
2017-08-09,480184935.72901
2017-08-10,320177083.0719697
2017-08-11,417056725.567022
2017-08-12,399670593.4085785
2017-08-13,446084673.673471
2017-08-14,402213544.6877808
2017-08-15,429057697.400939
